Done,id_post,right_addres,post_score
Руслан Е.,37549,"Лиговский проспект, 74",3
Руслан Е.,25794,"Фермское шоссе, 35-37",6.5
Руслан Е.,24571,Сенная площадь,5
Руслан Е.,20440,"Варшавская, 108г",5
Руслан Е.,19953,"Ярослава Гашека, 11а ",1
Руслан Е.,19739,"Уточкина, 2а",6
Руслан Е.,19349,"Чайковского, 23",7.5
Руслан Е.,19171,"Богатырский проспект, 54/32",9
Руслан Е.,18928,"Муринский 2-й проспект, 2 к1",5
Руслан Е.,18714,16 линии В.О,8.5
Руслан Е.,17873,"Васи Алексеева, 1",6.5
Руслан Е.,17553,"Одоевского, 27",8
Руслан Е.,17313,"Набережная канала Грибоедова, 26а",8
Руслан Е.,17012,"Пушкин, Парковая, 26а",8.5
Руслан Е.,16818,"Будапештская, 71 к1",7
Руслан Е.,16516,1 линии В.О,3
Руслан Е.,16297,"Ленская, 17 к1 ",9
Руслан Е.,16119,"Бассейная, 65",6
Руслан Е.,15913,"Колпинский переулок, 1",6
Руслан Е.,15570,"Ленсовета, 86а",2
Руслан Е.,15272,"Энгельса проспект, 162 к1",1
Руслан Е.,15066,"Черкасова, 4",7.5
Руслан Е.,14765,"Большевиков проспект, 32а",8
Руслан Е.,14223,"Ленинский проспект, 147",7
Руслан Е.,13796,"Московский проспект, 205а ",4
Руслан Е.,13666,"Коменданский проспект, 6 к1",10
Руслан Е.,13604,"Маршала Казакова, 35",8
Руслан Е.,13509,"Набережная Обводного канала, 122",4
Руслан Е.,13350,"Лесной проспект, 61а к3",9
Руслан Е.,13233," Торжковская, 1",9
Руслан Е.,13116,"Димитрова, 13а",9
Руслан Е.,12461,"Маршала Казакова, 35",8
Руслан Е.,12334,"Коломяжский проспект, 26а",9
Руслан Е.,12192,"Купчинская, 23 к1 лит А",9
Руслан Е.,12010,"Авиаконструкторов проспект, 11",8
Руслан Е.,11747,"Средний проспект В.О., 34",8
Руслан Е.,11681,"Восстания, 4",7.5
Руслан Е.,11379,"Будапештская, 77",9
Руслан Е.,11251,"Науки проспект, 14Б",7.5
Руслан Е.,11100,"Боткинская, 3 к1",8
Руслан Е.,10952,"Каменноостровский проспект, 42",6
Руслан Е.,10519,"Васи Алексеева, 1",7
Руслан Е.,10389,"Большой Сампсониевский проспект, 28",5.5
Руслан Е.,10231,"Торфяная дорога, 2 к1",6
Руслан Е.,10124,"Науки проспект, 14б",9.5
Руслан Е.,9731,"Лиговский проспект, 105",5.5
Руслан Е.,9638,"Стачек проспект, 105 к1",9.8
Руслан Е.,9315,"Испытателей проспект, 9 к3",4
Руслан Е.,39448,"Богатырский проспект, 7 к8",7.5
Руслан Е.,38392,"Луначарского проспект, 17а ",6.5
Руслан Е.,36963,"Просвещения проспект, 21г",4
Руслан Е.,36507,"Советская 2-я, 1/8 к1",8
Руслан Е.,35875,"Российский проспект, 10",8.7
Руслан Е.,35111,"Культуры проспект, 1",1
Руслан Е.,34340,"Средний проспект В.О., 42",5.5
Руслан Е.,33588,"Науки проспект, 45 к2",9
Руслан Е.,32572,"Кирочная, 17",7.5
Руслан Е.,32133,"Труда площадь, переход",6
Руслан Е.,31517,"Декабристов, 46",8
Руслан Е.,31172,"Маршала Казакова, 35",6.5
Руслан Е.,30454,"Комендантский проспект, 26",7.5
Руслан Е.,30171,"Удельный проспект, 2а",4
Руслан Е.,29907,"Разъезжая, 37",5.5
Руслан Е.,29433,"Богатырский проспект, 2а",6
Руслан Е.,28048,"Правды, 12",4.5
Руслан Е.,27434,"Литейный проспект, 59",5.2
Руслан Е.,27120,"Выборг, Крепостная, 47",5.5
Руслан Е.,26459,"Стачек проспект, 105 к1",5
Руслан Е.,25827,"Правды, 12",1
Руслан Е.,25232,"Стародеревенская, 8 к4",4
Руслан Е.,24777,"Балтийская, 36",7.5
Руслан Е.,24332,"Энгельса проспект, 120а",8.5
Руслан Е.,23819,"Есенина, 5",6.5
Руслан Е.,22740,"Ломоносов, Победы, 11",5
Руслан Е.,22169,"Просвещения проспект, 87в",8
Руслан Е.,21885,"Новочеркасский проспект, 47а",1
Руслан Е.,20333,"Косыгина проспект, 31",4.5
Руслан Е.,18686,"Маршала Казакова, 1",5
Руслан Е.,17241,"Косыгина проспект, 26 к1",9
Руслан Е.,14014,"Красных Курсантов бульвар, 63 к2",6
Руслан Е.,10325,"Чкаловский проспект, 12",9
Руслан Е.,37624,"Будапештская, 94",3
Руслан У.,29531,"Луначарского проспект, 76к2",9
Руслан У.,25663,"Науки проспект, 21в",6.5
Руслан У.,24207,"Королёва проспект, 43",5
Руслан У.,20982,"Удельный проспект, 2",2
Руслан У.,20189,"Удельный проспект, 2а",3
Руслан У.,19899,"Алтайская, 1",7
Руслан У.,19660,"Ботаническая, 66 к3, Петергоф",3
Руслан У.,19306,"Тимуровская, 26 к1а",0
Руслан У.,19152,"Удельный проспект, 2,",7
Руслан У.,18598,"8-я линия В.О., 49",8
Руслан У.,18121,"Московский проспект, 216",5
Руслан У.,17541,"Пилютова, 11 к4",7
Руслан У.,17274,"Бухарестская, 30/32",1
Руслан У.,16801,"Ленсовета, 53а",5.5
Руслан У.,16496,"Ивановская, 9",7
Руслан У.,16285,"Восстания, 55",6
Руслан У.,15841,"Кронверкский проспект, 45",8
Руслан У.,15552,"Политехническая, 31",1
Руслан У.,15020,"Малый проспект., 42",7
Руслан У.,14914,"Заневский проспект, 71 к2а",9
Руслан У.,14738,"ул. Будапештская, 49",4
Руслан У.,14616,"Восстания, 4",6
Руслан У.,14444,"6-а линия В.О., 27",9.5
Руслан У.,14097,"Ленинский проспект, 127 к1",5
Руслан У.,13329,"Михаила Дудина, 15",9
Руслан У.,13227,"Комендантский проспект, 12в",3
Руслан У.,13098,"Железноводская, 68",8
Руслан У.,12823,"Ветеранов проспект, 36 к2",7
Руслан У.,12686,"Политехническая, 28",5.5
Руслан У.,12575,"Ломоносова, 2",5
Руслан У.,12292,"Каменноостровский проспект, 22",2
Руслан У.,12166,"Торфяная дорога, 2 к1",4
Руслан У.,11991,"Просвещения проспект, 19а",4.5
Руслан У.,11887,"Политехническая, 20",7
Руслан У.,11744,Богатырский проспект,7.5
Руслан У.,11654,"Московский проспект, 216",5
Руслан У.,11561,"Ломоносова, 2",8
Руслан У.,11359,"Энгельса проспект, 154",7
Руслан У.,11098,"Есенина, 5 ",9
Руслан У.,10938,"Сенная площадь, 9",9
Руслан У.,10717,"4-я Красноармейская, 2",6
Руслан У.,10230,"1-я Красноармейская, 3-5",6
Руслан У.,10123,"Варшавская, 108Б",2.5
Руслан У.,10044,"Стачек проспект, 66",6
Руслан У.,9899,"Большевиков проспект, 71к1",0
Руслан У.,9729,Кораблестроителей 35,9
Руслан У.,9497,"Московский проспект, 105 к2",8
Руслан У.,9293,"Труда площадь, 1",7
Руслан У.,38314,"Владимирский проспект, 1",3
Руслан У.,37563,"Загородный проспоспект, 24",7.5
Руслан У.,36906,"Тихорецкий проспект, 1а",3
Руслан У.,36484,"Римского-Корсакова проспект, 103",7
Руслан У.,35684,"Белоостровская, 27",3
Руслан У.,35063,"Луначарского проспект, 76к2",8.5
Руслан У.,33558,"Большая Разночинная, 24",6.5
Руслан У.,32504,"6-а линия В.О., 27",8.5
Руслан У.,32093,"Купчинская, 32",6
Руслан У.,31138,"Тихоокеанская, 3",8
Руслан У.,30411,"Энгельса проспект, 121",5
Руслан У.,30155,"Металлистов проспект, 116",6.5
Руслан У.,29878,"Мясная, 28",7
Руслан У.,28476,"Литейный проспект, 64",0.5
Руслан У.,28026,"Чкаловский проспект, 12",7
Руслан У.,27394,"Маршала Жукова проспект, 41",6.5
Руслан У.,27055,"Испытателей проспект, 9А",5
Руслан У.,26422,"4-я Красноармейская, 2",7
Руслан У.,25740,"Кирочная, 28/22",7.5
Руслан У.,25156,"Балтийская, 36",8.5
Руслан У.,24711,"Савушкина, 10а",4
Руслан У.,23641,"Московский проспект, 40",6.4
Руслан У.,22951,"Новаторов, 71",4.7
Руслан У.,22731,"Коломяжский проспект, 24",7.5
Руслан У.,22109,"Малый проспект., 44/1",5.7
Руслан У.,21805,"Академика Лебедева, 10Б",3.8
Руслан У.,21386,"Петергофское шоссе, 45",7.5
Руслан У.,20815,"набережная реки Фонтанки, 59",8
Руслан У.,19615,Среднеохтинский пр.43,8.5
Руслан У.,16334,"Тульская, 3",10
Руслан У.,13857,"Науки проспект, 28А",8
Руслан У.,9834,"Ярослава Гашека, 11",8
Даня,37693,"Боткинская, 3 лит А",7.5
Даня,27524,"Московский проспект, 105 к2",8
Даня,24764,"Московский проспект, 23",5
Даня,22209,"Обводного канала набережная, 42",6.5
Даня,20287,"Академика Лебедева, 10б",8
Даня,20096,"Счастливая, 17",5
Даня,19802,"Энгельса проспект, 111у",7
Даня,19279,"Новочеркасский проспект, 52 к5а",8
Даня,18759,"Уткин проспект, 13 к15",4
Даня,17602,"Сенная площадь, 8",1
Даня,17353,"Промышленная, 5",7
Даня,17066,"Ветеранов проспект, 36 к2",7
Даня,16888,"Димитрова, 18 к1",9
Даня,16667,"Ярослава Гашека, 6",8
Даня,16409,"Обуховской Обороны проспект, 120ш",8
Даня,16161,"Просвещения проспект, 15а",9
Даня,15683,"Науки проспект, 21в",8
Даня,15341,"Московский проспект, 191",9
Даня,15138,"Ленина площадь, 4и",8
Даня,14979,"Новочеркасский проспект, 47а",8.5
Даня,14807,"Просвещения проспект, 88а",6
Даня,14680,"Большой проспект Васильевского острова, 25",9
Даня,14359,"Ленинский проспект, 98",8
Даня,13985,"Бабушкина, 48",6
Даня,13845,"Бассейная, 12а",7
Даня,13712,"Новосмоленская набережная, 1",7
Даня,13635,"Чайковского, 23",3
Даня,13565,"Маршала Казакова, 35",5
Даня,13396,"Шуваловский проспект, 72 к1",7.5
Даня,13283,"Ветеранов проспект, 53",9
Даня,13148,"Энгельса проспект, 154",9
Даня,12907,"Энгельса проспект, 137а",8
Даня,12621,"Гаккелевская, 32",8
Даня,12377,"Энгельса проспект, 111б",7
Даня,12229,"Сенная площадь, 8",7
Даня,12129,"Мытнинская, 18",2
Даня,12023,"Пионерская, 35",8
Даня,11936,"Испытателей проспект, 9 к3",5
Даня,11785,"Новочеркасский проспект, 26",7
Даня,11683,"Планерная, 49 к1",8
Даня,11598,"Индустриальный проспект, 34б",8
Даня,11478,"Тепловозная, 34",7
Даня,11344,"Испытателей проспект, 9 к3",3
Даня,11005,"Науки проспект, 1а",4
Даня,10816,"Большевиков проспект, 32а",9.5
Даня,10532,"Большевиков проспект, 32а",9
Даня,10420,"Одоевского, 33а",7
Даня,10280,"Ветеранов проспект, 16",5
Даня,10093,"Ярослава Гашека, 11а",1
Даня,9672,"Гражданский проспект, 119 к4",7.5
Даня,9406,"Испытателей проспект, 4в",7
Даня,39652,"Непокорённых проспект, 2",4
Даня,38869,"Богатырский проспект, 7 к8",7.5
Даня,37760,"Старо-Петергофский проспект, 37",7
Даня,37132,"Купчинская, 32 к1",6.5
Даня,35944,"Большой проспект Васильевского острова, 25",4
Даня,35531,"Выборгское шоссе, 1б",8.2
Даня,33951,"Кадетская, 53",5.5
Даня,33352,"Разъезжая, 41",2
Даня,32279,"Декабристов, 31",1
Даня,31945,"Гривцова переулок, 20",8.5
Даня,31311,"Егорова, 15",8
Даня,31002,"Правды, 4",3
Даня,30211,"Енотаевская, 15",1
Даня,28977,"Маршала Казакова, 35",9
Даня,28111,"Индустриальный проспект, 24а",5.5
Даня,27585,"Введенский канал, 8",4
Даня,27216,"Коллонтай, 30в",7
Даня,26731,"Художников проспект, 16а",8
Даня,26039,"Правды, 12",7
Даня,25450,"Луначарского, 64 к3",8.5
Даня,25038,"Гороховая, 50",2
Даня,24453,"Невский проспект, 85",7
Даня,24013,"Рубинштейна, 40",7
Даня,23485,"Привокзальная площадь, 1",9.5
Даня,22452,"Правды, 12",8
Даня,21978,"Каменноостровский проспект, 42",9
Даня,21641,"Маршала Казакова, 35",9.5
Даня,21300,"Правды, 12",7
Даня,20556,"Кондратьевский проспект, 40",8
Даня,18999,"Камышовая, 34а",7
Даня,18011,"Гражданский проспект, 119 к4",8.5
Даня,15475,"Тореза проспект, 33",8.5
Даня,9262,"Моховая, 31",6
Глеб,27704,"Московский проспект, 103",6
Глеб,20650,"Политехническая, 31",4
Глеб,20349,"Литейный проспект, 64",7
Глеб,20119,"Большая Pеленина, 1",6
Глеб,19803,"Политехническая, 28",6.5
Глеб,19431,"Науки проспект, 14б",0
Глеб,19298,у ларька нет адреса,7
Глеб,19082,"Политехническая, 31",5
Глеб,18766,у ларька нет адреса,8
Глеб,17972,"Большая Зеленина, 14",7.5
Глеб,17641,"Новочеркасский проспект, 43",8
Глеб,17460,"Введенский канал, 8",8
Глеб,16721,"Белы Куна, 41 к2",3
Глеб,16454,"Стачек проспект, 75",6
Глеб,16019,"Лиговский проспект, 67",9
Глеб,15765,"Энгельса проспект, 12",9
Глеб,15180,"Ветеранов проспект , 160",8
Глеб,15010,"Энгельса проспект , 145 к1",7
Глеб,14826,Сенная площадь,5
Глеб,14705,"Маршала Жукова, 41",7
Глеб,14556,"Коломяжский проспект, 26а",2
Глеб,14409,"Московский проспект, 197а",6.5
Глеб,14039,"Малый проспект, 57",8
Глеб,13865,"Большая Разночинная, 24",2
Глеб,13727,"Кораблестроителей, 35",9.5
Глеб,13646,"Малый проспект, 57",7.5
Глеб,13567,"Маршала Захарова, 34а",8
Глеб,13409,"Моховой, 31",8.5
Глеб,13181,"Одоевского, 27",8
Глеб,12939,"Канемировская, 26а",7
Глеб,12754,"Балканская площадь, 5б",8
Глеб,12390,"Шкапина, 6",4
Глеб,12258,"Варшавска, 139",5.5
Глеб,12146,"Большевиков проспект, 71 к1",9.5
Глеб,12039,"Гражданский проспект, 72а",8.5
Глеб,11810,"Большая Зеленина, 13",8.5
Глеб,11742,"Кронверкский проспект, 23",7
Глеб,11629,"Цветочная, 6",9
Глеб,11522,"Железнодорожная, 40",7.5
Глеб,11351,"Ивановская, 9",9
Глеб,11105,"Советская, 17",9
Глеб,11091,Сенная площадь,3.5
Глеб,10817,"Ленсовета, 42.",6
Глеб,10558,"Обуховской Обороны проспект, 75а",6
Глеб,10435,"Нарвский проспект, 31",9
Глеб,10314,"Удельный проспект, 2/2",1
Глеб,10198,"Кронверкский проспект, 23",7
Глеб,10111,"Московский проспект, 23",6
Глеб,9815,"Малый проспект Петроградской стороны, 89",8.5
Глеб,9677,"Камышовая улица, 13",8
Глеб,9411,"Энгельса проспект, 111У",7
Глеб,39685,"Приморский проспект 72, ТРЦ Питерлэнд",6.5
Глеб,38967,ул Пестеля 13-15,1
Глеб,37955,"Дыбенко, 16",5.5
Глеб,37162,"Кораблестроителей, 35",1
Глеб,36712,"Кронверкский проспект, 9а",1
Глеб,36224,"Московский проспект, 191",8
Глеб,35601,"Лесной проспект, 1а",5.5
Глеб,34977,ул. Бухарестская 30/32,4.5
Глеб,33365,"Привокзальная площадь, д.3/3",8.5
Глеб,33013,"Тепловозная, 34",8
Глеб,32387,"Маршала Казакова, 35 к9 ",9
Глеб,31977,"Тихоокеанская, 3",7.5
Глеб,31397,"Кингисеппское шоссе, 22",9
Глеб,30304,"Чернышевского, 22",7.5
Глеб,30003,"Токарева, 1",4
Глеб,29776,"Бабушкина, 19",8
Глеб,29086,"Приютинская, 9а",9
Глеб,27254,"Планерная, 59",7
Глеб,26925,"академика Крылова, 3",5
Глеб,25566,"летчика Пилютова,11 к4",8
Глеб,25051,"Лиговский проспект, 50 к 2",6.5
Глеб,24502,"Привокзальная площадь, 5",9
Глеб,24151,"Чайковского, 57",8.5
Глеб,23561,"Загородный проспект, 20",7.5
Глеб,22909,"Восстания, 28",7
Глеб,22488,"Ленинский проспект, 129 к6",8
Глеб,22067,"Ленина проспект, 13 а",7
Глеб,21777,"Правды, 12",6.5
Глеб,21339,"Ленина площадь, 6",6.5
Глеб,20746,"Стачек проспект, 1",2
Глеб,19201,"Маршала Захарова, 42",5
Глеб,18032,"Ломоносова, 2",8
Глеб,16068,"1-я линия В.О., 54",5.5
Глеб,12066,"Науки проспект, 28а",8
Глеб,9303,"1-я Красноармейская, 3-5",7.5
Никита,36304,"Щербакова, 4а",9
Никита,27374,"Бабушкина, 40",3
Никита,24613,Площадь Сенная,3
Никита,20460,"Набережная канала Грибоедова, 26а",9.4
Никита,20252,"Стачек проспект, 90",4
Никита,20064,"Торфяная дорога, 2 к1",9
Никита,19776,"Средний проспект В.О., 61",9
Никита,19386,"Боровая, 22",8
Никита,19246,"Каменноостровский проспект, 42",7
Никита,18754,"Авиаконструкторов проспект, 9а",9
Никита,18342,"Маршала Казакова, 35б",6
Никита,17885,"Испытателей проспект, 4в",7
Никита,17581,"Боткинская, 3 к1",8
Никита,17340,"Ушинского, 5б",9
Никита,17040,"Прибрежная, 20",2
Никита,16863,"Богатырский проспект, 1а",6
Никита,16614,"Науки проспект, 41ж",9
Никита,16360,"Ленсовета, 66/70",8.5
Никита,16144,"Художников проспект, 26е",6
Никита,15951,"Художников проспект, 10Б",5
Никита,15597,"Одоевского, 27",9
Никита,15304,"Новаторов бульвар, 83",6
Никита,15112,"Димитрова, 18д",9
Никита,14959,"Будапештская, 41в",4
Никита,14789,"Балтийского вокзала площадь, 1д",7.5
Никита,14672,"Серебристый бульвар, 27а",7
Никита,14527,"пос. Мурино, Привокзальная площадь, 3а",7
Никита,14238,"Новочеркасский проспект, 39/2",4
Никита,13962,"Камышовая, 13",8
Никита,13827,"Будапештская, 71к1",6
Никита,13669,"Бассейная, 22д",4
Никита,13352,"Набережная канала Грибоедова, 26",9
Никита,13246,"Малая Посадская, 13 к2",10
Никита,13147,"Чайковского, 21а",7.5
Никита,12854,"пос. Мурино, Привокзальная площадь, 3а",6
Никита,12723,"Лиговский проспект, 105",5
Никита,12598,"Некрасова, 58",9.5
Никита,12343,"Коломяжский проспект, 26а",7
Никита,12206,"Кирочная, 28",8
Никита,12126,"Авиаконструкторов проспект, 22а",7
Никита,12014,"Удельный проспект, 2",6
Никита,11930,"Пискарёвка ст, 4",7
Никита,11750,"Партизана Германа, 22",6
Никита,11682,"Железноводская, 68",9
Никита,11585,"Большевиков проспект, 19а",1
Никита,11455,"Гражданский проспект, 119 к4",7.5
Никита,11328,"пос. Мурино, Привокзальная площадь, 3а",7
Никита,11101,"Лесной проспект, 61а к3",8
Никита,10989,"Коллонтай, 32 к1Б",7
Никита,10759,"Колпинская, 14",5
Никита,10524,"Удельный проспект, 2е",2
Никита,10400,"Варшавская, 108г",9.5
Никита,10279,"Просвещения проспект, 32д",4
Никита,10179,"Есенина, 5б",7
Никита,10071,"Средний проспект В.О., 34",4
Никита,9767,"Маршала Казакова, 36 к1",8.5
Никита,9639,"Лиговский проспект, 50б",10
Никита,9514,"Комендантский проспект, 13",2
Никита,9345,"Типанова, 5",6
Никита,39558,"Малая Бухарестская, 10б",6.5
Никита,38829,"Московский проспект, 23",4
Никита,37748,"Приозерское шоссе, 10 к1",5
Никита,37000,"Металлистов проспект, 57",5.5
Никита,36645,"Солидарности проспект, 11 к2",6
Никита,35929,"Большевиков проспект, 32а",7
Никита,35220,"Энгельса проспект, 162 к4",1
Никита,34451,"Светлановский проспект, 40",7.5
Никита,33853,"Малая Бухарестская, 15",9
Никита,33191,"Чернышевского проспект, 20в",8
Никита,32670,"Мелитопольский переулок, 4",6.5
Никита,32181,"Кирочная, 22",3.5
Никита,31660,"Садовая, 3",9.5
Никита,31308,"Римского-Корсакова проспект, 103",3
Никита,30758,"Санкт-Петербургское шоссе, 88",6
Никита,30196,"Гренадерская, 22",5
Никита,29926,"Коммунаров (Сестрорецк), 4а",5
Никита,29498,"Просвещения проспект, 87в",7
Никита,28929,"Ударников проспект, 29а",8
Никита,28052,"Балтийская, 36",8.5
Никита,27466,Авиаконструкторов про,9
Никита,27179,"Маршала Захарова, 18 к1",7.5
Никита,26559,"Смолячкова, 16",5
Никита,26028,"Всеволожский проспект, 55",6.5
Никита,25359,"Новаторов бульвар, 112 к1",8
Никита,24943,"Волковский проспект, 30",7
Никита,24412,"Набережная Обводного канала, 122в",6
Никита,23861,"6-я линия В.О., 43а",8.7
Никита,23401,"Невский проспект, 85е",7.4
Никита,22772,"Бутлерова, 40",8
Никита,22434,"Суворовский проспект, 10а",6.5
Никита,21901,"Ботаническая (Петергоф), 18 к6",7
Никита,21559,"Литейный проспект, 64",3
Никита,21000,"Рихарда Зорге, 6 к2",7
Никита,20427,"Московский проспект, 51",7
Никита,18785,"Вознесенский проспект, 55",9
Никита,17915,"Заставская, 28",8
Никита,15283,"Большая Зеленина, 13",8
Никита,10716,"Тульская, 3",5
Никита,9119,"Малая Морская, 15",8
Василина,37029,Ул. Партизана Германа 22к1,9.1
Василина,29208,"Сквер Блокадников у Пр. Тореза, 9",8.5
Василина,23732,Сенная площадь,8.5
Василина,20673,"пересечении проспекта космонавтов и улицы Типанова, рядом со СПАРом",7.5
Василина,20159,"Димитрова, 13",7
Василина,19857,Парнас,8
Василина,19594,5 углов,8
Василина,19106,м.Чернышевская ,8
Василина,18867,Большой проспект В.О.,6
Василина,18544,м. Парк Победы,5.5
Василина,18062,"Лиговский просп., 153",1
Василина,17764,ТК Платформа,8
Василина,17107,канал Грибоедова,7
Василина,16949,Литейный проспект/Кирочная ул,4
Василина,16754,площадь Мужества ,3
Василина,16477,5 углов,8.5
Василина,16032,"ул. Ярослава Гашека, 9 корпус 1",7
Василина,15792,"Боткинская ул., 3, корп. 1-А",8
Василина,15497,"Шуваловский пр., 72к1",9
Василина,15200,"Гражданский пр., 119к4",9
Василина,15014,Павловск ,6
Василина,13882,"Лесной проспект, 61а к3",4
Василина,13659,"Гражданский проспек, 119 к4",6.5
Василина,13320,Остановка Площадь Мужества,8
Василина,13208,"Невский пр-кт, 65",8
Василина,13072,"ул. Ярослава Гашека, 8
",6
Василина,12800,"Московский пр., 31",8
Василина,12557,"Ленинский пр., 144к2",7
Василина,11641,пр. Космонавтов 42,9
Василина,11357,ул. Костюшко,3.5
Василина,11096,"Учебный переулок, 11Б",8
Василина,10919,"Нарвский проспект, 31",9
Василина,10617,"Лиговский проспект, 74",3
Василина,10486,"Кирпичный переулок, 3",6
Василина,10007,"Невский проспект, 5",8
Василина,9818,Пушкин,9
Василина,9597,Петергоф,7
Василина,9261,Сосновый бор,6.8
Василина,39711,Апраксин переулок 4,9.6
Василина,39115,"Торфяная дор., 6",5.5
Василина,38000,"Богатырский 7, к8",8.5
Василина,37467,"ул. Есенина, 5б",9
Василина,36763,"Баррикадная, 28",5
Василина,36460,Оптиков 24/42,6
Василина,35618,Коломяжский проспект д. 26А,8.5
Василина,35025,Гражданский проспект/ул Верности,3
Василина,34060,"Средний пр. В.О., 19",7.5
Василина,33488,Балканская пл,3
Василина,33076,"Пражская ул., 20",8.5
Василина,32071,ул. Хошимина 18,5
Василина,31448,"Колпино, ул. Тверская, д. 50",2
Василина,31089,"Балканская пл, 5Б",6
Василина,30317,Большая Зеленина 11 / Колпинский переулок 1,8
Василина,30039,"пр. Косыгина, 22",3
Василина,29822,"пр. Науки, 44",9
Василина,29193,"Малый пр. П.С., 4",3
Василина,28341,"Авиагородок, улица Пилотов, 25, к.1",8.5
Василина,27880,"Железноводская ул., 68, корп. 1",8
Василина,27286,ул. Розенштейна,6.5
Василина,26955,"Красное село,пр. Ленина, 61/2",1
Василина,26292,ул. Большая Разночинная 24,6
Василина,25583,"Балтийская ул., д. 36",8
Василина,25105,Науки 44,2
Василина,24557,Павловский вокзал,8
Василина,24224,"Политехническая, 20/9",6.5
Василина,23617,"Александровский парк, 4, к. 3",5
Василина,22936,"Пушкин, Ул. Парковая 26а",7
Василина,22674,"Лиговский пр., 30 А",2.5
Василина,22106,ул. Есенина,8
Василина,21793,Уральская/пр. Кима,7
Василина,21361,"пос. Понтонный, ул Александра Товпеко",2
Василина,20760,"пр. Науки, д. 14б",8.5
Василина,19501,Енотаевская 13,2
Василина,18495,Энергетиков 70Б к.2,7.5
Василина,16180,Думская/Ломоносова,6
Василина,12765,Парголовская 9,8
Василина,9734,"Лиговский проспект, д.50",5
Руслан Е.,39768,"Щербаков переулок, 12",7
Руслан Е.,39619,"Науки проспект, 14Б",7.5
Руслан Е.,39574,"Разводная, 29",7.5
Руслан Е.,39385,"Ленсовета, 87 к1",7
Руслан Е.,39363,"Есенина, 12 к1",7
Руслан Е.,39298,"Щербаков переулок, 12",7.5
Руслан Е.,39229,"Большая Зеленина, 1",3
Руслан Е.,39163,"Энтузиастов проспект, 33 к1 лит А",8
Руслан Е.,38954,"Лиговский проспект, 11",7
Руслан Е.,38940,"Композиторов, 31а",6.5
Руслан Е.,38808,"Ленсовета, 87 к1",7
Руслан Е.,38750,"Апраксин переулок, 4",6
Руслан Е.,38679,"Энтузиастов проспект, 33 к1 лит А",7.5
Руслан Е.,38497,"Щербаков переулок, 12",8
Руслан Е.,38464,"Апраксин переулок, 4",6.5
Руслан Е.,38256,"Большая Морская, 13",7.5
Руслан Е.,38209,"Гороховая, 50",8
Руслан Е.,38161,"Садовая, 7-9-11",3
Руслан Е.,37922,"Московский проспект, 51",8
Руслан Е.,37849,"Ленсовета, 87 к1",7.5
Руслан Е.,37787,"Большая Московская, 1",5
Руслан Е.,37727,"Ленинский проспект, 98",5
Руслан Е.,37662,"Энгельса проспект, 154 лит А",4
Руслан Е.,37372,"Садовая, 28/30 к1",8
Руслан Е.,37315,"Афонская, 18а",9
Руслан Е.,37215,"Лиговский проспект, 68",6.5
Руслан Е.,37105,"Заневский проспект, 73",6.5
Руслан Е.,36842,"Невский проспект, 51 лит А",5.5
Руслан Е.,36795,"Садовая, 28/30 к1",8
Руслан Е.,36544,"Энгельса проспект, 111Б",2
Руслан Е.,36190,"Звёздная, 14",8.5
Руслан Е.,36072,"Ветеранов проспект, 78",2
Руслан Е.,35982,"Набережная канала Грибоедова, 26",2.5
Руслан Е.,35580,"Пискарёвский проспект, 20",7
Руслан Е.,34934,"6-я линия В.О., 27",7.5
Руслан Е.,34880,"Апраксин переулок, 4",8.7
Руслан Е.,34825,"Балканская площадь, 5 к1, слева от выхода",7
Руслан Е.,34786,"Жуковского, 11",7
Руслан Е.,34756,"Балканская площадь, 5 к1, справа от выхода",4
Руслан Е.,34590,"Гороховая, 50",8.5
Руслан Е.,34560,"Михаила Дудина, 25 к2",8
Руслан Е.,34476,"Библиотечный переулок, 6",7
Руслан Е.,34389,"Удельный проспект, 2",8
Руслан Е.,34298,"Орджоникидзе, 22",7.5
Руслан Е.,34218,"Политехническая, 30",4
Руслан Е.,33732,"Бассейная, 65",9
Руслан Е.,33696,"Набережная Чёрной речки, 53",6.5
Руслан Е.,33659,"Большая Московская, 1",4
Руслан Е.,33527,"Рубинштейна, 11",7.5
Руслан Е.,33440,"Стачек проспект, 99",7
Руслан Е.,33309,"Васи Алексеева, 6",6
Руслан Е.,32964,"Кораблестроителей, 48 к2",8.5
Руслан Е.,32803,"Бассейная, 22д",5
Руслан Е.,32719,"Ветеранов проспект, 53",4
Руслан Е.,32692,"Петергофское шоссе, 3",8.5
Руслан Е.,32645,"Большевиков проспект, 32а",8.5
Руслан Е.,32600,"Чкаловский проспект, 50",5
Руслан Е.,32425,"Фёдора Абрамова, 8",8.5
Руслан Е.,32314,"Лётчика Пилютова, 40",8
Руслан Е.,32253,"Ветеранов проспект, 78",5
Руслан Е.,32208,"Кантемировская, 26Б",8
Руслан Е.,32052,"Заставская, 28",8
Руслан Е.,32012,"Сытнинская площадь, 4",7
Руслан Е.,31885,"Невский проспект, 85",3
Руслан Е.,31860,"Большевиков проспект, 18 лит А",4
Руслан Е.,31836,"Лиговский проспект, 65",6
Руслан Е.,31784,"Просвещения проспект, 3а",8
Руслан Е.,31768,"Ленинградская, 7",6
Руслан Е.,31719,"Выборгское шоссе, 11",6
Руслан Е.,31576,"Белы Куна, 23а",7.5
Руслан Е.,31345,"Рубинштейна, 4",5
Руслан Е.,31251,"Будапештская, 94",9
Руслан Е.,31193,"Просвещения проспект, 3а",9
Руслан Е.,31117,"Муринский 2-й проспект, 3а",6
Руслан Е.,31057,"Кронверкский проспект, 21",7
Руслан Е.,30954,"Рубинштейна, 40/11",7
Руслан Е.,30938,"Всеволожский проспект, 72",8
Руслан Е.,30914,"Большая Московская, 1",7.5
Руслан Е.,30799,"Обуховской Обороны проспект, 120 лит Ш",9
Руслан Е.,30652,"Димитрова, 18 к1",7
Руслан Е.,30637,"Светлановский проспект, 54д/2",8
Руслан Е.,30592,"Торфяная дорога, 2 к1",6
Руслан Е.,30565,"Лиговский проспект, 68",6.5
Руслан Е.,30530,"Авиаконструкторов проспект, 9а",1
Руслан Е.,30501,"Лиговский проспект, 161 лит Б",8.5
Руслан Е.,30347,"Финский переулок, 9",6
Руслан Е.,30285,"Ланское шоссе, 43",8
Руслан Е.,30125,"Жуковского, 11",8
Руслан Е.,30080,"Просвещения проспект, 87",8
Руслан Е.,30064,"Стачек проспект, 90",6.5
Руслан Е.,29975,"Шевченко, 29",6.5
Руслан Е.,29945,"Типанова, 5",7
Руслан Е.,29763,"Димитрова, 16д киоск",5
Руслан Е.,29698,"Новаторов бульвар, 102 к3",6.5
Руслан Е.,29678,"Елизарова проспект, 15",8.5
Руслан Е.,29661,"Генерала Симоняка, 4 к1",3
Руслан Е.,29639,"Стачек проспект, 75",7
Руслан Е.,29161,"Туристская, 15б",8
Руслан Е.,29059,"Новаторов бульвар, 17",4
Руслан Е.,29027,"Тимуровская, 21",9
Руслан Е.,29006,"Решетникова, 12",6
Руслан Е.,28891,"Шлиссельбургский проспект, 13",8
Руслан Е.,28863,"Съезжинская, 4",7.5
Руслан Е.,28834,"Садовая, 28/30 к1",8
Руслан Е.,28726,"Шевченко, 29",7.5
Руслан Е.,28685,"Пионерская, 21",3
Руслан Е.,28630,"Новочеркасский проспект, 39/2",8
Руслан Е.,28589,"Клинский проспект, 22",7
Руслан Е.,28544,"Димитрова, 18 к1",7
Руслан Е.,28378,"Лиговский проспект, 161 лит Б",9
Руслан Е.,28281,"Луначарского проспект, 64 к3",8
Руслан Е.,28141,"Шевченко, 29",8
Руслан Е.,27851,"Набережная канала Грибоедова, 26",7
Руслан Е.,27774,"Шевченко, 29",9
Руслан Е.,27747,"Стачек проспект, 1",9
Руслан Е.,27659,"Авиаконструкторов проспект, 9а",7
Руслан Е.,27557,"Просвещения проспект, 24",2
Руслан Е.,27354,"Жуковского, 11",7
Руслан Е.,27308,"Сенная площадь, 7",2
Руслан Е.,27197,"Альпийский переулок, 30а киоск",6
Руслан Е.,27140,"Удельный проспект, 2",6
Руслан Е.,27089,"Сенная площадь, 7",5
Руслан Е.,27035,"Гражданский проспект, 66 к1",7
Руслан Е.,26919,"Невский проспект, 120",7.5
Руслан Е.,26840,"Крыленко, 21Б",6
Руслан Е.,26824,"Кантемировская, 26А",5.5
Руслан Е.,26699,"Тореза проспект, 33а",8
Руслан Е.,26681,"Набережная Обводного канала, 122",6
Руслан Е.,26611,"Набережная канала Грибоедова, 24",8
Руслан Е.,26520,"Садовая, 42",4
Руслан Е.,26493,"Решетникова, 12",7.5
Руслан Е.,26474,"8-я линия В.О., 49",7
Руслан Е.,26397,"Стачек проспект, 66",6.5
Руслан Е.,26375,"Испытателей проспект, 9 к3",7.5
Руслан Е.,26335,"Гражданский проспект, 66 к1",8
Руслан Е.,26311,"Матвеева переулок, 5а",8
Руслан Е.,26215,"Комсомола, 16",8
Руслан Е.,26164,"Набережная реки Карповки, 10",1
Руслан Е.,26006,"Васи Алексеева, 1",3.5
Руслан Е.,25969,"Васи Алексеева, 1",7.2
Руслан Е.,25943,"Большая Зеленина, 1",7
Руслан Е.,25887,"Садовая, 42",9
Руслан Е.,25502,"Решетникова, 12",8
Руслан Е.,25415,"Черкасова, 6",8.5
Руслан Е.,25400,"Кантемировская, 27Б",8
Руслан Е.,25210,"Заставская, 28",7
Руслан Е.,24918,"Звенигородская, 1",6
Руслан Е.,24824,"Камышовая, 13",4
Руслан Е.,24802,"Богатырский проспект, 35Б",6
Руслан Е.,24732,"Суворовский проспект, 43-45",7
Руслан Е.,24693,"Крыленко, 21а",7.5
Руслан Е.,24663,"Литейный проспект, 59",4
Руслан Е.,24577,"Дыбенко, 16ж",5
Руслан Е.,24533,"Наставников проспект, 24 к1",9
Руслан Е.,24477,"Гражданский проспект, 66 к1",7
Руслан Е.,17012,"Садовая, 42",8.5
Руслан Е.,24300,"Клинский проспект, 22",7
Руслан Е.,24183,"Коломяжский проспект, 19 к2",2
Руслан Е.,24051,"Гороховая, 50",8.5
Руслан Е.,23967,"Суворовский проспект, 43-45",7.5
Руслан Е.,23930,"Гражданский проспект, 41 лит Б",3.5
Руслан Е.,23839,"Шевченко, 29",5.5
Руслан Е.,23806,"Ленинский проспект, 129 к6",7
Руслан Е.,23699,"Садовая, 42",2.5
Руслан Е.,23685,"Большевиков проспект, 17а",7
Руслан Е.,23575,"Большевиков проспект, 17а",5.5
Руслан Е.,23508,"Решетникова, 12",7.4
Руслан Е.,23466,"Васи Алексеева, 6",8
Руслан Е.,23342,"Кронверкский проспект, 45",7.5
Руслан Е.,23316,"Краснопутиловская, 30",8
Руслан Е.,23287,"Моховая, 31",8
Руслан Е.,23256,"Боткинская, 3 к1",4
Руслан Е.,23244,"Ивановская, 8",8
Руслан Е.,23212,"Большевиков проспект, 19",6
Руслан Е.,23203,"Торфяная дорога, 2 к3",7.5
Руслан Е.,23183,"Автовская, 20 к2",3
Руслан Е.,23000,"Большевиков проспект, 2 к1",7
Руслан Е.,22986,"Васи Алексеева, 1",7
Руслан Е.,22803,"Большевиков проспект, 2 к1",8
Руслан Е.,22718,"Торфяная дорога, 2 к1",4
Руслан Е.,22651,"Оранжерейная, 23",8
Руслан Е.,22630,"Шуваловский проспект, 72 к1",8
Руслан Е.,22584,"Лиговский проспект, 161 лит Б",6.5
Руслан Е.,22557,"Новочеркасский проспект, 39/2",5
Руслан Е.,22535,"Испытателей проспект, 9 к3",9.5
Руслан Е.,22371,"Балканская площадь, 5 лит И",5
Руслан Е.,22353,"Решетникова, 12",7.2
Руслан Е.,22335,"Уточкина, 2а киоск",7.5
Руслан Е.,22306,"Балканская площадь, 5 лит И",4
Руслан Е.,22254,"Васи Алексеева, 1",3
Руслан Е.,22038,"Решетникова, 12",7
Руслан Е.,22017,"Ленская, 17 к1",9
Руслан Е.,21923,"Гражданский проспект, 119 к4",8.5
Руслан Е.,21835,"Чернышевского проспект, 9",2.5
Руслан Е.,21704,"Восстания, 4",6
Руслан Е.,21605,"Ленинский проспект, 116",4
Руслан Е.,21521,"Лиговский проспект, 74",5
Руслан Е.,21454,"Энгельса проспект, 120Б",7
Руслан Е.,21402,"Решетникова, 12",7
Руслан Е.,21184,"Фучика, 2 лит А",6
Руслан Е.,21122,"Набережная Обводного канала, 118 лит С",9
Руслан Е.,21055,"Бассейная, 12Б",8
Руслан Е.,21027,"Сенная площадь, 7",5
Руслан Е.,20907,"Балканская площадь, 5 лит И",8.5
Руслан Е.,20864,"Типанова, 5",7.5
Руслан Е.,20807,"Кузнецова проспект, 32 к2",5.5
Руслан Е.,20639,"Крыленко, 21Б",9
Руслан Е.,19560,"Моховая, 37",7.5
Руслан Е.,19229,"Московский проспект, 73",8.5
Руслан Е.,18182,"Садовая, 7-9-11",8.5
Руслан Е.,17726,"Авиаконструкторов проспект, 9",7
Руслан Е.,16837,"Невский проспект, 88",6
Руслан Е.,14274,"Пестеля, 27",1
Руслан Е.,11749,"Ланское шоссе, 12",6.5
Руслан Е.,10585,"Елизарова проспект, 13",8
Руслан Е.,9766,"Невский проспект, 124",1